<?xml version="1.0" encoding="utf-8" ?>
<dwsync>
<file name="book.php" server="D:/wamp64/" local="131649858940000000" remote="131649858940000000" Dst="0" />
<file name="cart.php" server="D:/wamp64/" local="131649721850000000" remote="131649721850000000" Dst="0" />
<file name="index.php" server="D:/wamp64/" local="131659117310000000" remote="131659117310000000" Dst="0" />
<file name="login.php" server="D:/wamp64/" local="131649813070000000" remote="131649813070000000" Dst="0" />
<file name="profile.php" server="D:/wamp64/" local="131649234830000000" remote="131649234830000000" Dst="0" />
<file name="purchaseHistory.php" server="D:/wamp64/" local="131649791110000000" remote="131649791110000000" Dst="0" />
<file name="register.php" server="D:/wamp64/" local="131714701974791686" remote="131714701970000000" Dst="0" />
<file name="servCatering.php" server="D:/wamp64/" local="131648977650000000" remote="131648977650000000" Dst="0" />
<file name="servFuncNeeds.php" server="D:/wamp64/" local="131648979160000000" remote="131648979160000000" Dst="0" />
<file name="servLightSE.php" server="D:/wamp64/" local="131648979220000000" remote="131648979220000000" Dst="0" />
<file name="servMusicIB.php" server="D:/wamp64/" local="131648979330000000" remote="131648979330000000" Dst="0" />
<file name="servStageHT.php" server="D:/wamp64/" local="131648979270000000" remote="131648979270000000" Dst="0" />
<file name="servWeddings.php" server="D:/wamp64/" local="131648990230000000" remote="131648990230000000" Dst="0" />
</dwsync>