<?xml version="1.0" encoding="utf-8" ?>
<dwsync>
<file name="animations.css" server="D:/wamp64/" local="131629101650000000" remote="131629101650000000" Dst="0" />
<file name="calendar.css" server="D:/wamp64/" local="131649647820000000" remote="131649647820000000" Dst="0" />
<file name="style_cart.css" server="D:/wamp64/" local="131649732810000000" remote="131649732810000000" Dst="0" />
<file name="style_index.css" server="D:/wamp64/" local="131649798010000000" remote="131649798010000000" Dst="0" />
<file name="style_login.css" server="D:/wamp64/" local="131649613000000000" remote="131649613000000000" Dst="0" />
<file name="style_nav_footer.css" server="D:/wamp64/" local="131714669641635370" remote="131714669640000000" Dst="0" />
<file name="style_pHistory.css" server="D:/wamp64/" local="131649648220000000" remote="131649648220000000" Dst="0" />
<file name="style_profile.css" server="D:/wamp64/" local="131649557860000000" remote="131649557860000000" Dst="0" />
<file name="style_register.css" server="D:/wamp64/" local="131649889970000000" remote="131649889970000000" Dst="0" />
<file name="style_services.css" server="D:/wamp64/" local="131649890600000000" remote="131649890600000000" Dst="0" />
</dwsync>