<?xml version="1.0" encoding="utf-8" ?>
<dwsync>
<file name="bin1.png" server="D:/wamp64/" local="131649699120000000" remote="131649699120000000" Dst="0" />
<file name="bin2.png" server="D:/wamp64/" local="131649714550000000" remote="131649714550000000" Dst="0" />
<file name="cart1.png" server="D:/wamp64/" local="131626549400000000" remote="131626549400000000" Dst="0" />
<file name="cart1_black.png" server="D:/wamp64/" local="131626550890000000" remote="131626550890000000" Dst="0" />
<file name="downarrow2.png" server="D:/wamp64/" local="131626548290000000" remote="131626548290000000" Dst="0" />
<file name="downarrow2_yellow.png" server="D:/wamp64/" local="131626561310000000" remote="131626561310000000" Dst="0" />
<file name="facebook.png" server="D:/wamp64/" local="131623121390000000" remote="131623121390000000" Dst="0" />
<file name="gmail.png" server="D:/wamp64/" local="131623121820000000" remote="131623121820000000" Dst="0" />
<file name="linkedin.png" server="D:/wamp64/" local="131623121690000000" remote="131623121690000000" Dst="0" />
<file name="twitter.png" server="D:/wamp64/" local="131623121530000000" remote="131623121530000000" Dst="0" />
</dwsync>